tettstednummer,tettstednavn,KNR,FNR,KOMMNR,KNAVN
3511,Arendal,0903,09,903,Arendal
2531,Sandefjord,0706,07,706,Sandefjord
584,Løken,0222,02,222,Nordre Høland
2045,Sundvollen,0612,06,612,Hole
5007,Arna,1250,12,1250,Haus
1645,Raufoss,0529,05,529,Vestre Toten
5333,Torsteinsvik,1258,12,1258,Herdla
6231,Aukra,1547,15,1547,Nord-Aukra
6669,Børsa,1658,16,1658,Børsa
8121,Finnsnes,1931,19,1931,Lenvik
4013,Sånum,1019,10,1019,Halse og Harkmark
4011,Mandal,1002,10,1002,Mandal
4063,Ausvika,1018,10,1018,Søgne
4083,Svennevik,1030,10,1030,Spangereid
4081,Høllen,1030,10,1030,Spangereid
4061,Søgne,1018,10,1018,Søgne
4012,Krossen,1020,10,1020,Holum
4082,Vigeland,1029,10,1029,Sør-Audnedal
4052,Volleberg,1017,10,1017,Greipstad
4054,Brennåsen,1017,10,1017,Greipstad
3572,Høvåg,0927,09,927,Høvåg
4092,Skomrak,1031,10,1031,Austad
4021,Farsund,1003,10,1003,Farsund
4093,Svenevik,1032,10,1032,Lyngdal
4022,Vanse,1041,10,1041,Lista
4009,Korsvik,1011,10,1011,Randesund
4023,Vestbygda,1041,10,1041,Lista
4071,Øyslebø,1021,10,1021,Øyslebø
4002,Kristiansand,1001,10,1001,Kristiansand
4094,Årnes,1032,10,1032,Lyngdal
4042,Vennesla,1014,10,1014,Vennesla
4091,Lyngdal,1032,10,1032,Lyngdal
4007,Tveit,1013,10,1013,Tveit
3524,Jortveit,0925,09,925,Eide
3571,Lillesand,0905,09,905,Lillesand
4043,Slettebrotane,1016,10,1016,Øvrebø
4041,Skarpengland,1016,10,1016,Øvrebø
3581,Birkeland,0928,09,928,Birkenes
3523,Grimstad,0924,09,924,Landvik
4131,Helle,1027,10,1027,Konsmo
4101,Feda,1038,10,1038,Feda
3561,Rykene,0920,09,920,Øyestad
4102,Liknes,1037,10,1037,Liknes
4031,Flekkefjord,1004,10,1004,Flekkefjord
4044,Hægeland,1015,10,1015,Hægeland
4541,Hauge,1111,11,1111,Sokndal
3512,Longum,0918,09,918,Austre Moland
3551,Blakstad,0919,09,919,Froland
4032,Sira,1045,10,1045,Bakke
3541,Kilsund,0916,09,916,Flosta
4551,Moi,1112,11,1112,Lund
3531,Tvedestrand,0902,09,902,Tvedestrand
4501,Egersund,1101,11,1101,Egersund
3603,Evje,0936,09,936,Hornnes
4502,Hellvik,1116,11,1116,Eigersund
4575,Sirevåg,1117,11,1117,Ogna
4576,Ogna,1117,11,1117,Ogna
3501,Risør,0901,09,901,Risør
3612,Byglandsfjord,0936,09,936,Hornnes
4574,Brusand,1117,11,1117,Ogna
4577,Hæen,1118,11,1118,Varhaug
3661,Myra,0912,09,912,Vegårshei
4573,Vigrestad,1118,11,1118,Varhaug
4111,Tonstad,1046,10,1046,Tonstad
3591,Åmli,0929,09,929,Åmli
3652,Eikeland,0911,09,911,Gjerstad
4561,Vikeså,1114,11,1114,Bjerkreim
4572,Varhaug,1118,11,1118,Varhaug
3054,Kragerø,0801,08,801,Kragerø
4571,Nærbø,1119,11,1119,Nærbø
4593,Undheim,1121,11,1121,Time
3651,Gjerstad,0911,09,911,Gjerstad
3051,Kil,0816,08,816,Sannidal
3055,Vadfoss/Helle,0816,08,816,Sannidal
4578,Nærland,1119,11,1119,Nærbø
4583,Pollestad,1120,11,1120,Klepp
4594,Lyefjell,1121,11,1121,Time
4591,Bryne,1120,11,1120,Klepp
41,Skjærhalden,0111,01,111,Hvaler
2674,Helgeroa/Nevlunghamn,0726,07,726,Brunlanes
3062,Neslandsvatn,0817,08,817,Drangedal
4603,Gilja,1129,11,1129,Forsand
4601,Ålgård/Figgjo,1122,11,1122,Gjestal
2551,Stavern,0726,07,726,Brunlanes
2541,Larvik,0707,07,707,Larvik
4585,Kleppe/Verdalen,1120,11,1120,Klepp
2542,Tveteneåsen,0726,07,726,Brunlanes
42,Rød,0111,01,111,Hvaler
4592,Kvernaland,1120,11,1120,Klepp
4602,Oltedal,1122,11,1122,Gjestal
2,Sponvika,0116,01,116,Berg
44,Utgård,0111,01,111,Hvaler
2664,Lauve/Viksjord,0725,07,725,Tjølling
3004,Sandøya,0813,08,813,Eidanger
4515,Sviland,1123,11,1123,Høyland
2533,Hem,0725,07,725,Tjølling
43,Hauge,0111,01,111,Hvaler
3,Isebakke,0116,01,116,Berg
4615,Stenebyen,1124,11,1124,Sola
2682,Verningen,0727,07,727,Hedrum
3131,Tveitsund,0830,08,830,Nissedal
4512,Vatne,1123,11,1123,Høyland
4614,Hålandsmarka,1124,11,1124,Sola
3001,Langangen,0813,08,813,Eidanger
1,Halden,0101,01,101,Halden
4522,Stavanger/Sandnes,1126,11,1126,Hetland
4516,Høle,1128,11,1128,Høle
4771,Forsand,1129,11,1129,Forsand
2651,Tjøme,0723,07,723,Tjøme
3041,Herre,0814,08,814,Bamble
172,Buskogen,0133,01,133,Kråkerøy
171,Alshus,0133,01,133,Kråkerøy
3061,Preststranda,0817,08,817,Drangedal
181,Øyenkilen,0134,01,134,Onsøy
53,Glosli,0112,01,112,Torsnes
72,Høysand,0115,01,115,Skjeberg
4514,Hommersåk,1126,11,1126,Hetland
2644,Årøysund,0722,07,722,Nøtterøy
182,Slevik,0134,01,134,Onsøy
2643,Kjøpmannsskjær,0722,07,722,Nøtterøy
71,Skjeberg,0115,01,115,Skjeberg
231,Fosby,0118,01,118,Aremark
51,Skivika,0113,01,113,Borge
2645,Glomstein,0722,07,722,Nøtterøy
2622,Melsomvik,0720,07,720,Stokke
2683,Kvelde,0727,07,727,Hedrum
2611,Kodal,0719,07,719,Andebu
4523,Krossberg,1125,11,1125,Madla
2623,Stokke,0720,07,720,Stokke
185,Lervik,0134,01,134,Onsøy
3014,Sneltvedt,0812,08,812,Gjerpen
4617,Kolnes,1124,11,1124,Sola
2621,Vear,0721,07,721,Sem
161,Rostadneset,0131,01,131,Rolfsøy
61,Ise,0114,01,114,Varteig
3005,Porsgrunn/Skien,0806,08,806,Skien
2625,Fossnes,0720,07,720,Stokke
191,Spetalen,0135,01,135,Råde
3141,Fyresdal,0831,08,831,Fyresdal
12,Hasle,0114,01,114,Varteig
22,Fredrikstad/Sarpsborg,0102,01,102,Sarpsborg
2631,Sem,0721,07,721,Sem
3031,Siljan,0811,08,811,Siljan
13,Stikkaåsen,0130,01,130,Tune
4632,Tau,1130,11,1130,Strand
2521,Tønsberg,0721,07,721,Sem
195,Tomb,0135,01,135,Råde
3033,Øverbø,0811,08,811,Siljan
2522,Vollen,0721,07,721,Sem
3072,Ulefoss,0819,08,819,Holla
1513,Bybrua,0527,05,527,Vardal
2612,Andebu,0719,07,719,Andebu
3032,Snurråsen,0811,08,811,Siljan
6501,Trondheim,1660,16,1660,Strinda
2633,Barkåker,0721,07,721,Sem
202,Larkollen,0136,01,136,Rygge
8563,Hasvik,2015,20,2015,Hasvik
142,Degernes,0129,01,129,Degernes
206,Møvik,0136,01,136,Rygge
7681,Rognan,1840,18,1840,Saltdal
194,Missingmyr,0135,01,135,Råde
4681,Ydstebøhamn,1144,11,1144,Kvitsøy
193,Karlshus,0135,01,135,Råde
4742,Østhusvik,1142,11,1142,Rennesøy
2598,Linnestad,0718,07,718,Ramnes
3071,Bjervamoen,0820,08,820,Lunde
3631,Valle,0940,09,940,Valle
508,Vestby,0211,02,211,Vestby
151,Jelsnes,0130,01,130,Tune
2603,Åsgårdstrand,0704,07,704,Åsgårdstrand
204,Fuglevik,0136,01,136,Rygge
2613,Høyjord,0719,07,719,Andebu
4741,Vikevåg,1142,11,1142,Rennesøy
203,Kirkegrenda,0136,01,136,Rygge
201,Ryggebyen,0136,01,136,Rygge
2600,Solerød,0716,07,716,Våle
2597,Revetal/Bergsåsen,0716,07,716,Våle
31,Moss,0104,01,104,Moss
2602,Skoppum,0717,07,717,Borre
4671,Judaberg,1141,11,1141,Finnøy
33,Såstadbråten,0136,01,136,Rygge
4705,Skudeneshavn,1104,11,1104,Skudeneshavn
213,Svinndal,0137,01,137,Våler
141,Rakkestad,0128,01,128,Rakkestad
2511,Horten,0703,07,703,Horten
2691,Svarstad,0728,07,728,Lardal
2601,Nykirke,0717,07,717,Borre
801,Oslo,0301,03,301,Oslo
2592,Kirkevoll/Brekkeåsen,0716,07,716,Våle
3093,Gvarv,0822,08,822,Sauherad
612,Ytre Enebakk,0229,02,229,Enebakk
81,Ørje,0119,01,119,Øymark
212,Våk,0137,01,137,Våler
2121,Darbu,0624,06,624,Øvre Eiker
123,Trømborg,0125,01,125,Eidsberg
214,Rød,0137,01,137,Våler
211,Kirkebygden,0137,01,137,Våler
125,Jansberg,0125,01,125,Eidsberg
2011,Hvittingfoss,0629,06,629,Ytre Sandsvær
131,Skiptvet,0127,01,127,Skiptvet
3081,Bø,0821,08,821,Bø
4532,Haugesund,1106,11,1106,Haugesund
3151,Dalen,0832,08,832,Mo
4641,Hjelmelandsvågen,1133,11,1133,Hjelmeland
3092,Nordagutu,0822,08,822,Sauherad
4703,Sandve,1150,11,1150,Skudenes
2561,Berger,0711,07,711,Strømmen
2582,Hof,0714,07,714,Hof
2571,Selvik,0713,07,713,Sande
3122,Kviteseid,0829,08,829,Kviteseid
3103,Miland,0826,08,826,Tinn
3083,Folkestad,0821,08,821,Bø
3642,Bykle,0941,09,941,Bykle
2502,Gullhaug,0715,07,715,Botne
4763,Ferkingstad,1150,11,1150,Skudenes
2501,Holmestrand,0702,07,702,Holmestrand
2211,Veggli,0632,06,632,Rollag
722,Neskollen,0236,02,236,Nes
8085,Andselv,1924,19,1924,Målselv
2583,Sundbyfoss,0714,07,714,Hof
503,Hølen,0211,02,211,Vestby
4706,Kopervik,1148,11,1148,Stangaland
5201,Askøy,1247,12,1247,Askøy
223,Ringvoll,0138,01,138,Hobøl
121,Mysen,0126,01,126,Mysen
7631,Mo i Rana,1803,18,1803,Mo
4702,Åkrehamn,1149,11,1149,Åkra
3111,Seljord,0828,08,828,Seljord
2166,Tofte,0628,06,628,Hurum
8086,Andslimoen,1924,19,1924,Målselv
3091,Hjukse,0822,08,822,Sauherad
122,Slitu,0125,01,125,Eidsberg
2162,Holmsbu,0628,06,628,Hurum
111,Askim,0124,01,124,Askim
6683,Hommelvik,1663,16,1663,Malvik
4707,Våre,1147,11,1147,Avaldsnes
639,Løstad,0233,02,233,Nittedal
4693,Nedstrand,1139,11,1139,Nedstrand
6682,Muruvik,1663,16,1663,Malvik
2572,Sande,0713,07,713,Sande
4708,Avaldsnes,1147,11,1147,Avaldsnes
91,Skjønhaug,0122,01,122,Trøgstad
2562,Svelvik,0711,07,711,Strømmen
2003,Drammen,0602,06,602,Drammen
101,Spydeberg,0123,01,123,Spydeberg
7031,Hegra,1714,17,1714,Stjørdal
7038,Hognesaunet,1714,17,1714,Stjørdal
3022,Yli,0823,08,823,Heddal
3021,Notodden,0807,08,807,Notodden
2161,Klokkarstua,0628,06,628,Hurum
523,Ås,0214,02,214,Ås
642,Grønlund,0234,02,234,Gjerdrum
514,Skotbu,0212,02,212,Kråkstad
4709,Visnes,1147,11,1147,Avaldsnes
221,Tomter,0138,01,138,Hobøl
2165,Sætre,0628,06,628,Hurum
4698,Skre,1147,11,1147,Avaldsnes
586,Hemnes,0221,02,221,Søndre Høland
2574,Ekeberg,0713,07,713,Sande
2573,Klevjer,0713,07,713,Sande
7034,Stjørdalshalsen,1714,17,1714,Stjørdal
513,Kråkstad,0212,02,212,Kråkstad
531,Drøbak,0215,02,215,Frogn
3161,Åmot,0834,08,834,Vinje
3641,Hovden,0941,09,941,Bykle
93,Heiås,0122,01,122,Trøgstad
4651,Sand,1136,11,1136,Sand
2563,Nesbygda,0711,07,711,Strømmen
4692,Aksdal,1147,11,1147,Avaldsnes
2153,Åros,0627,06,627,Røyken
4697,Grinde,1154,11,1154,Skjold
4691,Førdesfjorden,1147,11,1147,Avaldsnes
2157,Hyggen,0627,06,627,Røyken
515,Sandvoll,0213,02,213,Ski
2122,Vestfossen,0624,06,624,Øvre Eiker
2154,Røyken,0627,06,627,Røyken
4733,Vikedal,1157,11,1157,Vikedal
543,Fagerstrand,0216,02,216,Nesodden
613,Kirkebygda,0229,02,229,Enebakk
4731,Skjold,1154,11,1154,Skjold
585,Momoen,0222,02,222,Nordre Høland
511,Siggerud,0213,02,213,Ski
2125,Ormåsen,0624,06,624,Øvre Eiker
544,Torvik,0216,02,216,Nesodden
3162,Krossen,0835,08,835,Rauland
4732,Sandeid,1158,11,1158,Sandeid
542,Fjellstrand,0216,02,216,Nesodden
571,Heggedal,0220,02,220,Asker
611,Flateby,0229,02,229,Enebakk
2113,Vikersund,0623,06,623,Modum
541,Nesoddtangen,0216,02,216,Nesodden
5095,Røldal,1229,12,1229,Røldal
802,Movatn,0301,03,301,Oslo
7501,Bodø,1804,18,1804,Bodø
5032,Sveio,1216,12,1216,Sveio
7771,Røstlandet,1856,18,1856,Røst
2148,Askgrenda,0626,06,626,Lier
2202,Svene,0631,06,631,Flesberg
2144,Tranby,0626,06,626,Lier
5022,Ølensvåg,1214,12,1214,Ølen
658,Algarheim,0235,02,235,Ullensaker
685,Eltonåsen,0238,02,238,Nannestad
702,Fjellstad,0228,02,228,Rælingen
5021,Ølen,1214,12,1214,Ølen
2044,Kroksund,0612,06,612,Hole
5047,Foldrøy,1218,12,1218,Moster
4661,Sauda,1135,11,1135,Sauda
603,Fjellsrud,0227,02,227,Fet
582,Bjørkelangen,0222,02,222,Nordre Høland
2201,Lampeland,0631,06,631,Flesberg
2124,Skotselv,0624,06,624,Øvre Eiker
2145,Oddevall/Sjåstad,0626,06,626,Lier
701,Smestad,0228,02,228,Rælingen
5042,Langevåg,1219,12,1219,Bømlo
684,Løkenfeltet,0238,02,238,Nannestad
581,Aursmoen,0224,02,224,Aurskog
2143,Sylling,0626,06,626,Lier
1083,Magnor,0420,04,420,Eidskog
602,Fetsund,0227,02,227,Fet
2146,Fagerliåsen/Poverudbyen,0626,06,626,Lier
551,Lommedalen,0219,02,219,Bærum
601,Åkrene,0227,02,227,Fet
1082,Skotterud,0420,04,420,Eidskog
593,Hogsetfeltet,0225,02,225,Blaker
3102,Rjukan,0826,08,826,Tinn
671,Minnesund,0237,02,237,Eidsvoll
2114,Åmot/Geithus,0623,06,623,Modum
598,Lundermoen,0226,02,226,Sørum
7722,Drag,1850,18,1850,Tysfjord
7711,Oppeid,1849,18,1849,Hamarøy
5012,Skånevik,1212,12,1212,Skånevik
594,Sørumsand,0226,02,226,Sørum
622,Leirsund,0231,02,231,Skedsmo
592,Blaker,0225,02,225,Blaker
5043,Mosterhamn,1218,12,1218,Moster
595,Lørenfallet,0226,02,226,Sørum
597,Frogner,0226,02,226,Sørum
2115,Sysle,0623,06,623,Modum
721,Aulifeltet,0236,02,236,Nes
675,Råholt,0237,02,237,Eidsvoll
5361,Eidsvik,1213,12,1213,Fjelberg
635,Rotnes,0233,02,233,Nittedal
596,Lindeberg,0226,02,226,Sørum
663,Haga,0236,02,236,Nes
5080,Sæbøvik,1213,12,1213,Fjelberg
5046,Melandsvågen,1220,12,1220,Bremnes
1661,Lunner,0533,05,533,Lunner
665,Fjellfoten,0236,02,236,Nes
5056,Sagvåg,1221,12,1221,Stord
3101,Tinn austbygd,0826,08,826,Tinn
651,Kløfta,0235,02,235,Ullensaker
2034,Nakkerud,0611,06,611,Tyristrand
2191,Prestfoss,0621,06,621,Sigdal
633,Åneby,0233,02,233,Nittedal
657,Borgen,0235,02,235,Ullensaker
5078,Sunde/Valen,1224,12,1224,Kvinnherad
5053,Leirvik,1221,12,1221,Stord
669,Tomteråsen,0236,02,236,Nes
2043,Gomnes,0612,06,612,Hole
5045,Svortland,1220,12,1220,Bremnes
5077,Husnes,1224,12,1224,Kvinnherad
2028,Tyristrand,0611,06,611,Tyristrand
5044,Rubbestadneset,1220,12,1220,Bremnes
2041,Steinsåsen,0612,06,612,Hole
662,Årnes,0236,02,236,Nes
2042,Helgelandsmoen,0612,06,612,Hole
668,Vormsund,0236,02,236,Nes
670,Kampå,0236,02,236,Nes
659,Jessheim,0235,02,235,Ullensaker
5091,Skarde,1228,12,1228,Odda
5281,Våge,1223,12,1223,Tysnes
2032,Norderhov,0613,06,613,Norderhov
653,Sand,0235,02,235,Ullensaker
2171,Rødberg,0633,06,633,Nore
2101,Krøderen,0622,06,622,Krødsherad
656,Nordkisa,0235,02,235,Ullensaker
1072,Sander,0419,04,419,Sør-Odal
661,Opakermoen,0236,02,236,Nes
5073,Seimsfoss,1224,12,1224,Kvinnherad
1011,Kongsvinger,0421,04,421,Vinger
1073,Disenå,0419,04,419,Sør-Odal
5076,Herøysund,1224,12,1224,Kvinnherad
683,Åsgrenda,0238,02,238,Nannestad
5074,Dimmelsvik,1224,12,1224,Kvinnherad
667,Brårud,0236,02,236,Nes
2025,Vang,0613,06,613,Norderhov
666,Skogrand,0236,02,236,Nes
2033,Hønefoss,0613,06,613,Norderhov
1664,Harestua,0533,05,533,Lunner
2102,Noresund,0622,06,622,Krødsherad
655,Sessvollmoen,0235,02,235,Ullensaker
682,Teigebyen,0238,02,238,Nannestad
1012,Roverud,0422,04,422,Brandval
1041,Ådalsbruk,0415,04,415,Løten
1071,Skarnes,0419,04,419,Sør-Odal
1058,Bekkelaget,0417,04,417,Stange
681,Maura,0238,02,238,Nannestad
1663,Grua,0533,05,533,Lunner
1675,Brandbu/Jaren,0535,05,535,Brandbu
5173,Osøyro,1243,12,1243,Os
5171,Søfteland,1243,12,1243,Os
1061,Sand,0418,04,418,Nord-Odal
1652,Jevnaker,0532,05,532,Jevnaker
5282,Uggdalseidet,1223,12,1223,Tysnes
2029,Sokna,0613,06,613,Norderhov
2030,Hallingby,0614,06,614,Ådal
5181,Klokkarvik,1245,12,1245,Sund
674,Finnbråtan,0237,02,237,Eidsvoll
5093,Tyssedal,1228,12,1228,Odda
673,Eidsvoll,0237,02,237,Eidsvoll
1662,Roa,0533,05,533,Lunner
5092,Odda,1228,12,1228,Odda
5362,Gjermundshamn,1224,12,1224,Kvinnherad
5302,Bekkjarvik,1244,12,1244,Austevoll
5132,Vossevangen,1235,12,1235,Voss
5224,Fotlandsvåg,1253,12,1253,Hosanger
5326,Vikebø,1258,12,1258,Herdla
5246,Leknes,1254,12,1254,Hamre
1676,Gran/Ringstad,0534,05,534,Gran
672,Langset,0237,02,237,Eidsvoll
1642,Reinsvoll,0529,05,529,Vestre Toten
691,Prestegårdshagen,0239,02,239,Hurdal
1062,Mo,0418,04,418,Nord-Odal
1092,Kirkenær,0423,04,423,Grue
692,Torget,0239,02,239,Hurdal
1052,Stange,0417,04,417,Stange
5291,Granvin,1234,12,1234,Granvin
1631,Kapp,0528,05,528,Østre Toten
1691,Dokka,0538,05,538,Nordre Land
5183,Tælavåg,1245,12,1245,Sund
1101,Flisa,0425,04,425,Åsnes
1091,Namnå,0423,04,423,Grue
5143,Norheimsund,1238,12,1238,Kvam
5188,Fardalen,1245,12,1245,Sund
5081,Jondal,1227,12,1227,Jondal
5151,Eikelandsosen,1241,12,1241,Fusa
5145,Ploganes,1226,12,1226,Strandebarm
1121,Elverum,0427,04,427,Elverum
5101,Lofthus,1230,12,1230,Ullensvang
5343,Krokeidet,1249,12,1249,Fana
8081,Moen,1924,19,1924,Målselv
8091,Sørreisa,1925,19,1925,Sørreisa
5102,Kinsarvik,1231,12,1231,Kinsarvik
5553,Hermansverk/Leikanger,1419,14,1419,Leikanger
5592,Årdalstangen,1424,14,1424,Årdal
5563,Kjørnes,1420,14,1420,Sogndal
5593,Seimsdalen,1424,14,1424,Årdal
5187,Skogsvågen,1246,12,1246,Fjell
5561,Sogndalsfjøra,1420,14,1420,Sogndal
5001,Bergen,1249,12,1249,Fana
1051,Tangen,0417,04,417,Stange
5351,Li,1246,12,1246,Fjell
1102,Kjellmyra,0425,04,425,Åsnes
1515,Biri,0525,05,525,Biri
5231,Haugland,1260,12,1260,Hordabø
1712,Leira,0542,05,542,Nord-Aurdal
1711,Fagernes,0542,05,542,Nord-Aurdal
2092,Geilo,0620,06,620,Hol
1721,Røn,0543,05,543,Vestre Slidre
5354,Fjell,1246,12,1246,Fjell
1636,Lensbygda,0528,05,528,Østre Toten
1633,Lena,0528,05,528,Østre Toten
1644,Eina,0530,05,530,Eina
5111,Eidfjord,1232,12,1232,Eidfjord
6562,Årnset,1624,16,1624,Rissa
2051,Nesbyen,0616,06,616,Nes
1112,Våler,0426,04,426,Våler
1637,Kolbu,0531,05,531,Kolbu
6671,Klæbu,1662,16,1662,Klæbu
1635,Skreia,0528,05,528,Østre Toten
5356,Sekkingstad,1246,12,1246,Fjell
6672,Tanem,1662,16,1662,Klæbu
5352,Knarrevik/Straume,1246,12,1246,Fjell
1055,Gata,0416,04,416,Romedal
1643,Bøverbru,0529,05,529,Vestre Toten
2061,Gol,0617,06,617,Gol
1003,Blæstadgrenda,0414,04,414,Vang
1632,Sletta,0528,05,528,Østre Toten
1113,Braskereidfoss,0426,04,426,Våler
1053,Sørbygdafeltet,0416,04,416,Romedal
2091,Hol,0620,06,620,Hol
1056,Romedal sentrum,0416,04,416,Romedal
2082,Torpo,0619,06,619,Ål
1057,Bottenfjellet,0416,04,416,Romedal
5502,Brandsøy,1437,14,1437,Kinn
2081,Ål,0619,06,619,Ål
1501,Lillehammer,0524,05,524,Fåberg
1502,Jørstadmoen,0524,05,524,Fåberg
1683,Hov,0536,05,536,Søndre Land
1551,Fossbergom,0514,05,514,Lom
5723,Re,1446,14,1446,Breim
6668,Buvika/Ilhaugen,1656,16,1656,Buvik
1638,Nordlia,0528,05,528,Østre Toten
1054,Ilseng,0416,04,416,Romedal
1022,Tingnes,0411,04,411,Nes
5204,Davanger,1247,12,1247,Askøy
5332,Vikavågen,1258,12,1258,Herdla
5225,Haugo,1254,12,1254,Hamre
5222,Lonevåg,1250,12,1250,Haus
1028,Stavsjø,0411,04,411,Nes
5321,Frekhaug,1256,12,1256,Meland
5205,Frommereid,1258,12,1258,Herdla
1511,Gjøvik,0502,05,502,Gjøvik
1043,Løiten brænderi,0415,04,415,Løten
1042,Løten,0415,04,415,Løten
5134,Mønshaugen-Bjørgum,1235,12,1235,Voss
1002,Ingeberg,0414,04,414,Vang
1031,Slemsrud,0414,04,414,Vang
1516,Monssveen,0527,05,527,Vardal
1001,Hamar,0401,04,401,Hamar
5325,Moldekleiv,1256,12,1256,Meland
5213,Dale,1251,12,1251,Bruvik
1027,Mesnali,0412,04,412,Ringsaker
1026,Kylstad,0413,04,413,Furnes
5261,Fedje,1265,12,1265,Fedje
1503,Fåberg,0524,05,524,Fåberg
5133,Skulestadmoen,1235,12,1235,Voss
1731,Moane,0544,05,544,Øystre Slidre
1701,Bagn,0540,05,540,Sør-Aurdal
6532,Sistranda,1620,16,1620,Nord-Frøya
1021,Brumunddal,0413,04,413,Furnes
1023,Moelv,0412,04,412,Ringsaker
5233,Austmarka,1262,12,1262,Sæbø
2072,Svøo,0618,06,618,Hemsedal
2071,Hemsedal,0618,06,618,Hemsedal
1713,Aurdal,0542,05,542,Nord-Aurdal
1621,Segalstad bru,0522,05,522,Østre Gausdal
1505,Vingrom,0524,05,524,Fåberg
1133,Innbygda,0428,04,428,Trysil
5571,Aurlandsvangen,1421,14,1421,Aurland
1593,Lia,0519,05,519,Sør-Fron
5526,Høyanger,1416,14,1416,Kyrkjebø
5252,Årås,1264,12,1264,Austrheim
5603,Hafslo,1425,14,1425,Hafslo
1571,Vinstra,0518,05,518,Nord-Fron
5651,Førde,1432,14,1432,Førde
5251,Kaland,1264,12,1264,Austrheim
5643,Skei,1431,14,1431,Jølster
1506,Vingnes,0524,05,524,Fåberg
1141,Rena,0429,04,429,Åmot
1602,Fåvang,0520,05,520,Ringebu
1601,Ringebu,0520,05,520,Ringebu
5601,Gaupne,1426,14,1426,Luster
1722,Slidre,0543,05,543,Vestre Slidre
5531,Viksøyri,1417,14,1417,Vik
1732,Beitostølen,0544,05,544,Øystre Slidre
1612,Tretten,0521,05,521,Øyer
1733,Heggenes,0544,05,544,Øystre Slidre
1132,Nybergsund,0428,04,428,Trysil
1623,Forset,0523,05,523,Vestre Gausdal
1622,Follebu,0522,05,522,Østre Gausdal
5581,Lærdalsøyri,1422,14,1422,Lærdal
5562,Kaupanger,1420,14,1420,Sogndal
5741,Hardbakke,1412,14,1412,Solund
7092,Røra Stasjon,1730,17,1730,Røra
5523,Austreim,1416,14,1416,Kyrkjebø
5541,Balestrand,1418,14,1418,Balestrand
5591,Øvre Årdal,1424,14,1424,Årdal
5631,Sande,1430,14,1430,Gaular
1151,Koppang,0430,04,430,Stor-Elvdal
7095,Småland,1728,17,1728,Sandvollan
1591,Hundorp,0519,05,519,Sør-Fron
1592,Harpefoss,0519,05,519,Sør-Fron
5622,Dale,1429,14,1429,Fjaler
1584,Bjølstad,0516,05,516,Heidal
5652,Farsund,1432,14,1432,Førde
6581,Å i Åfjord,1630,16,1630,Aa
1572,Kvam,0518,05,518,Nord-Fron
5641,Langhaugane,1431,14,1431,Jølster
1583,Dale,0517,05,517,Sel
5642,Vassenden,1431,14,1431,Jølster
1161,Otnes,0432,04,432,Ytre Rendal
5661,Naustdal,1433,14,1433,Naustdal
7003,Steinkjer,1702,17,1702,Steinkjer
1585,Sandbumoen,0517,05,517,Sel
1582,Otta,0517,05,517,Sel
1562,Lalm,0515,05,515,Vågå
1581,Nord-Sel,0517,05,517,Sel
5722,Byrkjelo,1446,14,1446,Breim
1561,Vågåmo,0515,05,515,Vågå
5721,Sandane,1445,14,1445,Gloppen
1541,Bismo,0513,05,513,Skjåk
5733,Olden,1447,14,1447,Innvik
5732,Innvik,1447,14,1447,Innvik
1522,Dombås,0511,05,511,Dovre
5672,Kalvåg,1438,14,1438,Bremanger
5731,Stryn,1448,14,1448,Stryn
5703,Torvika,1443,14,1443,Eid
1201,Alvdal,0438,04,438,Alvdal
1211,Folldal,0439,04,439,Folldal
5702,Mogrenda,1443,14,1443,Eid
5711,Grodås,1444,14,1444,Hornindal
5701,Nordfjordeid,1443,14,1443,Eid
5686,Bryggja,1442,14,1442,Davik
5682,Måløy,1439,14,1439,Sør-Vågsøy
5684,Holevik,1439,14,1439,Sør-Vågsøy
6112,Hellesylt,1523,15,1523,Sunnylven
1191,Tynset,0437,04,437,Tynset
5681,Raudeberg,1440,14,1440,Nord-Vågsøy
6341,Fiskåbygd,1511,15,1511,Vanylven
6071,Volda,1519,15,1519,Volda
1181,Tolga,0436,04,436,Tolga
5692,Leikanger,1441,14,1441,Selje
6111,Stranda,1525,15,1525,Stranda
6031,Larsnes,1513,15,1513,Rovde
1221,Os,0435,04,435,Os
6050,Dragsund,1515,15,1515,Herøy
6121,Stordal,1526,15,1526,Stordal
6049,Leikong,1515,15,1515,Herøy
6061,Hjørungavåg,1517,15,1517,Hareid
6731,Renbygda,1644,16,1644,Ålen
6132,Straumgjerde,1528,15,1528,Sykkylven
6047,Tjørvåg,1515,15,1515,Herøy
6046,Moltustranda,1515,15,1515,Herøy
6507,Nypan,1654,16,1654,Leinstrand
6053,Sundgot,1516,15,1516,Ulstein
6631,Røros,1640,16,1640,Røros
6506,Bratsberg,1660,16,1660,Strinda
6043,Fosnavåg,1515,15,1515,Herøy
6601,Berkåk,1635,16,1635,Rennebu
6001,Molde,1502,15,1502,Molde
6002,Hjelset,1544,15,1544,Bolsøy
6051,Ulsteinsvik,1516,15,1516,Ulstein
6042,Kvalsund,1515,15,1515,Herøy
6133,Sykkylven,1528,15,1528,Sykkylven
6591,Oppdal,1634,16,1634,Opdal
6064,Hareid,1517,15,1517,Hareid
6063,Brandal,1517,15,1517,Hareid
6091,Sjøholt,1527,15,1527,Ørskog
6142,Valle,1529,15,1529,Skodje
6003,Kleive,1544,15,1544,Bolsøy
6202,Rausand,1543,15,1543,Nesset
6642,Soknedal,1649,16,1649,Soknedal
6193,Brønnsletten,1539,15,1539,Grytten
6185,Tresfjord,1536,15,1536,Tresfjord
6194,Voll,1537,15,1537,Voll
6221,Steinshamn,1546,15,1546,Sandøy
6141,Skodje,1529,15,1529,Skodje
6192,Åndalsnes,1539,15,1539,Grytten
6027,Myklebost,1531,15,1531,Borgund
6191,Isfjorden,1540,15,1540,Hen
6166,Leitebakk,1532,15,1532,Giske
6026,Årset,1531,15,1531,Borgund
6143,Stetteremma,1529,15,1529,Skodje
6281,Grøa,1563,15,1563,Sunndal
6282,Hoelsand,1563,15,1563,Sunndal
6168,Nordstrand,1532,15,1532,Giske
6173,Vatne,1530,15,1530,Vatne
6174,Søvik,1531,15,1531,Borgund
6283,Sunndalsøra,1563,15,1563,Sunndal
6184,Fiksdal,1535,15,1535,Vestnes
6181,Tomra,1535,15,1535,Vestnes
6165,Roald,1533,15,1533,Vigra
6182,Vestnes,1535,15,1535,Vestnes
6244,Tornes,1548,15,1548,Fræna
6172,Brattvåg,1534,15,1534,Haram
6005,Nesjestranda,1541,15,1541,Veøy
6171,Austnes,1534,15,1534,Haram
6004,Hovdenakken,1544,15,1544,Bolsøy
6641,Støren,1648,16,1648,Støren
6201,Eidsvåg,1543,15,1543,Nesset
6301,Rindal,1567,15,1567,Rindal
6655,Hovin,1650,16,1650,Horg
6511,Kyrksæterøra,1612,16,1612,Hemne
6248,Malme,1548,15,1548,Fræna
6249,Sylte,1548,15,1548,Fræna
6241,Elnesvågen,1548,15,1548,Fræna
6271,Tingvollvågen,1560,15,1560,Tingvoll
6361,Batnfjordsøra,1558,15,1558,Øre
6291,Skei-Surnadalsøra,1566,15,1566,Surnadal
6362,Torvikbukt,1558,15,1558,Øre
6251,Eide,1551,15,1551,Eide
6292,Glærem,1566,15,1566,Surnadal
6247,Farstad,1550,15,1550,Hustad
6242,Bud,1549,15,1549,Bud
6613,Meldal,1636,16,1636,Meldal
6612,Storås,1636,16,1636,Meldal
6264,Solsletta,1556,15,1556,Frei
6351,Kårvåg,1552,15,1552,Kornstad
6261,Storbakken,1556,15,1556,Frei
6654,Lundamo,1650,16,1650,Horg
6352,Bremsnes,1554,15,1554,Bremsnes
6611,Løkken,1636,16,1636,Meldal
6011,Kristiansund,1554,15,1554,Bremsnes
6656,Korsvegen,1651,16,1651,Hålonda
6657,Storsand,1653,16,1653,Melhus
6622,Svorkmo,1637,16,1637,Orkland
6653,Ler,1652,16,1652,Flå
6266,Rensvik,1554,15,1554,Bremsnes
6651,Melhus,1653,16,1653,Melhus
6691,Mebonden,1664,16,1664,Selbu
6692,Trøa,1664,16,1664,Selbu
6652,Kvål,1653,16,1653,Melhus
6667,Eggkleiva,1658,16,1658,Børsa
6621,Orkanger/Fannrem,1639,16,1639,Orkanger
6522,Hestvika,1615,16,1615,Sandstad
6311,Aure,1569,15,1569,Aure
6670,Viggja,1658,16,1658,Børsa
6504,Ringvol,1654,16,1654,Leinstrand
6503,Spongdal,1655,16,1655,Byneset
7021,Midtbygda,1711,17,1711,Meråker
6541,Uthaug,1621,16,1621,Ørland
6505,Langørjan,1655,16,1655,Byneset
7512,Narvik,1805,18,1805,Narvik
7822,Melbu,1866,18,1866,Hadsel
7035,Hell,1713,17,1713,Lånke
7601,Hattfjelldal,1826,18,1826,Hattfjelldal
7551,Gladstad,1815,18,1815,Vega
7037,Prestmoen,1713,17,1713,Lånke
6681,Malvik,1663,16,1663,Malvik
7571,Tjøtta,1817,18,1817,Tjøtta
6502,Trolla,1601,16,1601,Trondheim
7036,Kvithammer,1714,17,1714,Stjørdal
6521,Fillan,1616,16,1616,Fillan
7033,Skatval,1715,17,1715,Skatval
6563,Askjem,1625,16,1625,Stadsbygd
6565,Vangsåsen,1625,16,1625,Stadsbygd
6551,Selbekken,1623,16,1623,Lensvik
7042,Vanvikan,1718,17,1718,Leksvik
7053,Åsen,1716,17,1716,Åsen
7041,Leksvik,1718,17,1718,Leksvik
7052,Skogn,1719,17,1719,Skogn
7057,Ekne,1719,17,1719,Skogn
6543,Brekstad,1621,16,1621,Ørland
7064,Lysthaugen,1721,17,1721,Verdal
7051,Levanger,1701,17,1701,Levanger
7058,Eidsbotn,1719,17,1719,Skogn
7056,Mule,1720,17,1720,Frol
7068,Verdalsøra,1721,17,1721,Verdal
7065,Vuku,1721,17,1721,Verdal
6542,Opphaug,1621,16,1621,Ørland
6561,Råkvågen,1626,16,1626,Stjørna
7066,Forbregd/Lein,1721,17,1721,Verdal
6573,Karlestrand,1627,16,1627,Bjugn
6571,Botngård,1627,16,1627,Bjugn
7062,Trones,1721,17,1721,Verdal
7001,Sparbu,1731,17,1731,Sparbu
6572,Lysøysund,1629,16,1629,Jøssund
7002,Mære,1731,17,1731,Sparbu
7094,Gangstadhaugen,1728,17,1728,Sandvollan
7111,Sandvika,1738,17,1738,Nordli
7142,Grong,1742,17,1742,Grong
7081,Namdalseid,1725,17,1725,Namdalseid
7101,Snåsa,1736,17,1736,Snåsa
7012,Bangsund,1746,17,1746,Klinga
7141,Bergsmo,1742,17,1742,Grong
7161,Skage,1744,17,1744,Overhalla
7013,Namsos,1703,17,1703,Namsos
7194,Kolvereid,1752,17,1752,Kolvereid
7192,Ottersøy,1751,17,1751,Nærøy
7162,Ranemsletta,1744,17,1744,Overhalla
7542,Brønnøysund,1801,18,1801,Brønnøysund
7163,Svalia,1744,17,1744,Overhalla
7164,Skogmo,1744,17,1744,Overhalla
7171,Lauvsnes,1749,17,1749,Flatanger
7151,Høylandet,1743,17,1743,Høylandet
7121,Røyrvik,1739,17,1739,Røyrvik
7181,Rørvik,1750,17,1750,Vikna
7132,Namsskogan Sentrum,1740,17,1740,Namsskogan
7521,Terråk,1811,18,1811,Bindal
7531,Vik,1812,18,1812,Sømna
7591,Trofors,1825,18,1825,Grane
7541,Hommelstø,1813,18,1813,Velfjord
7581,Mosjøen,1802,18,1802,Mosjøen
7821,Stokmarknes,1866,18,1866,Hadsel
7572,Sandnessjøen,1821,18,1821,Sandnessjøen
7624,Korgen,1830,18,1830,Korgen
7891,Leland,1822,18,1822,Leirfjord
7623,Bjerka,1830,18,1830,Korgen
7611,Nesna,1828,18,1828,Nesna
7633,Hauknes,1833,18,1833,Nord-Rana
7621,Hemnesberget,1832,18,1832,Hemnes
7634,Alternes,1833,18,1833,Nord-Rana
7641,Lovund,1834,18,1834,Lurøy
7632,Storforshei,1833,18,1833,Nord-Rana
7804,Gravdal,1860,18,1860,Buksnes
7662,Glomfjord,1837,18,1837,Meløy
7664,Eidbukta,1837,18,1837,Meløy
7661,Ørnes,1837,18,1837,Meløy
7801,Stamsund,1861,18,1861,Hol
7663,Reipå,1837,18,1837,Meløy
7812,Kabelvåg,1865,18,1865,Vågan
7671,Inndyr,1838,18,1838,Gildeskål
7691,Sulitjelma,1841,18,1841,Fauske
7692,Fauske,1841,18,1841,Fauske
7502,Løding,1843,18,1843,Bodin
7693,Strømsnes,1841,18,1841,Fauske
7503,Løpsmarka,1843,18,1843,Bodin
7702,Straumen,1845,18,1845,Sørfold
7781,Sørland,1857,18,1857,Værøy
7872,Sørvågen,1858,18,1858,Moskenes
2015,Kongsberg,0630,06,630,Øvre Sandsvær
7802,Leknes,1861,18,1861,Hol
7761,Ballangen,1854,18,1854,Ballangen
7513,Beisfjord,1855,18,1855,Ankenes
7731,Lødingen,1851,18,1851,Lødingen
7514,Håkvik,1855,18,1855,Ankenes
7743,Ramsund,1852,18,1852,Tjeldsund
7752,Bogen,1853,18,1853,Evenes
7861,Andenes,1873,18,1873,Andenes
7511,Bjerkvik,1855,18,1855,Ankenes
8251,Skibotn,1938,19,1938,Lyngen
8031,Evenskjær,1913,19,1913,Skånland
7831,Bø,1867,18,1867,Bø
7853,Strand,1870,18,1870,Sortland
7852,Sigerfjord,1870,18,1870,Sortland
7832,Straume,1867,18,1867,Bø
8032,Grov,1918,19,1918,Astafjord
7851,Sortland,1870,18,1870,Sortland
623,Hellerud,0231,02,231,Skedsmo
5146,Vikøy,1238,12,1238,Kvam
8022,Vikvågen,1911,19,1911,Kvæfjord
8221,Tennevoll,1920,19,1920,Lavangen
8021,Borkenes,1911,19,1911,Kvæfjord
8051,Ibestad,1917,19,1917,Ibestad
8071,Sjøvegan,1921,19,1921,Salangen
5199,Ågotnes,1246,12,1246,Fjell
8061,Setermoen,1922,19,1922,Bardu
7843,Myre,1868,18,1868,Øksnes
8083,Skjold,1923,19,1923,Øverbygd
8084,Heggelia,1924,19,1924,Målselv
1613,Øyer,0521,05,521,Øyer
6072,Mork,1519,15,1519,Volda
8531,Kautokeino,2011,20,2011,Kautokeino
6081,Ørsta,1520,15,1520,Ørsta
7862,Bleik,1873,18,1873,Andenes
8132,Nordkjosbotn,1933,19,1933,Balsfjord
8131,Storsteinnes,1933,19,1933,Balsfjord
8015,Fagernes,1934,19,1934,Tromsøysund
8261,Tromsdalen,1934,19,1934,Tromsøysund
8152,Lyngseidet,1938,19,1938,Lyngen
8161,Olderdalen,1940,19,1940,Kåfjord
8011,Tromsø,1902,19,1902,Tromsø
8017,Ersfjordbotn,1934,19,1934,Tromsøysund
8019,Kjosen,1934,19,1934,Tromsøysund
8262,Kvaløysletta,1934,19,1934,Tromsøysund
8621,Karasjok,2021,20,2021,Karasjok
8020,Hamna,1934,19,1934,Tromsøysund
8018,Movik,1934,19,1934,Tromsøysund
8182,Storslett,1942,19,1942,Nordreisa
8544,Tverrelvdalen,2012,20,2012,Alta
8181,Sørkjosen,1942,19,1942,Nordreisa
8631,Kjøllefjord,2022,20,2022,Lebesby
8651,Berlevåg,2024,20,2024,Berlevåg
8541,Talvik,2013,20,2013,Talvik
8543,Rafsbotn,2012,20,2012,Alta
8191,Burfjord,1943,19,1943,Kvænangen
8683,Bjørnevatn,2030,20,2030,Sør-Varanger
8171,Skjervøy,1941,19,1941,Skjervøy
8542,Alta,2012,20,2012,Alta
8551,Øksfjord,2014,20,2014,Loppa
8682,Hesseng,2030,20,2030,Sør-Varanger
8641,Mehamn,2023,20,2023,Gamvik
8611,Lakselv,2020,20,2020,Kistrand
8684,Kirkenes,2030,20,2030,Sør-Varanger
8661,Tana Bru,2026,20,2026,Polmak
4051,Nodeland,1017,10,1017,Greipstad
3532,Nesgrenda,0914,09,914,Holt
4744,Bru,1143,11,1143,Mosterøy
8521,Vadsø,2029,20,2029,Nord-Varanger
8522,Vestre Jakobselv,2029,20,2029,Nord-Varanger
8581,Kvalsund,2017,20,2017,Kvalsund
8562,Breivikbotn,2015,20,2015,Hasvik
8571,Rypefjord,2016,20,2016,Sørøysund
4781,Bokn,1145,11,1145,Bokn
8501,Hammerfest,2016,20,2016,Sørøysund
8502,Forsøl,2016,20,2016,Sørøysund
8511,Vardø,2002,20,2002,Vardø
8671,Båtsfjord,2028,20,2028,Vardø Landdistrikt
8592,Havøysund,2018,20,2018,Måsøy
8603,Nordvågen,2019,20,2019,Nordkapp
8602,Honningsvåg,2019,20,2019,Nordkapp
4782,Føresvik,1145,11,1145,Bokn
2014,Saggrenda,0630,06,630,Øvre Sandsvær
6033,Gjerde,1514,15,1514,Sande
512,Ski,0213,02,213,Ski
6232,Hollingen,1547,15,1547,Nord-Aukra
7015,Spillumstranda,1746,17,1746,Klinga
5247,Seim,1257,12,1257,Alversund
5334,Rossnes,1258,12,1258,Herdla
2073,Tuv,0618,06,618,Hemsedal
1029,Brøttum,0412,04,412,Ringsaker
1611,Granrudmoen,0521,05,521,Øyer
6054,Dimna,1516,15,1516,Ulstein
7014,Spillum,1746,17,1746,Klinga
3044,Botten,0814,08,814,Bamble
6195,Innfjorden,1537,15,1537,Voll
124,Finnestad,0125,01,125,Eidsberg
92,Hamnås,0122,01,122,Trøgstad
1103,Sønsterud,0425,04,425,Åsnes
6008,Torhaug,1544,15,1544,Bolsøy
8162,Kåfjordbotn,1940,19,1940,Kåfjord
